
/*Llenado de tabla Modelo Auto*/

INSERT INTO MODELO_AUTO(MODELO_AUTO_ID, CLAVE, DESCRIPCION) VALUES (1, "VER", "VERSA");
INSERT INTO MODELO_AUTO(MODELO_AUTO_ID, CLAVE, DESCRIPCION) VALUES (2, "AVE", "AVEO");
INSERT INTO MODELO_AUTO(MODELO_AUTO_ID, CLAVE, DESCRIPCION) VALUES (3, "VEN", "VENTO");
INSERT INTO MODELO_AUTO(MODELO_AUTO_ID, CLAVE, DESCRIPCION) VALUES (4, "CRV", "CR-V");
INSERT INTO MODELO_AUTO(MODELO_AUTO_ID, CLAVE, DESCRIPCION) VALUES (5, "SPO", "SPORTAGE");
INSERT INTO MODELO_AUTO(MODELO_AUTO_ID, CLAVE, DESCRIPCION) VALUES (6, "ATT", "ATTITUDE");
INSERT INTO MODELO_AUTO(MODELO_AUTO_ID, CLAVE, DESCRIPCION) VALUES (7, "SED", "SEDAN");
INSERT INTO MODELO_AUTO(MODELO_AUTO_ID, CLAVE, DESCRIPCION) VALUES (8, "DUS", "DUSTER");
INSERT INTO MODELO_AUTO(MODELO_AUTO_ID, CLAVE, DESCRIPCION) VALUES (9, "COR", "COROLLA");
INSERT INTO MODELO_AUTO(MODELO_AUTO_ID, CLAVE, DESCRIPCION) VALUES (10, "ENC", "ENCLAVE");
INSERT INTO MODELO_AUTO(MODELO_AUTO_ID, CLAVE, DESCRIPCION) VALUES (11, "ABA", "ABARTH");
INSERT INTO MODELO_AUTO(MODELO_AUTO_ID, CLAVE, DESCRIPCION) VALUES (12, "FOC", "FOCUS");
INSERT INTO MODELO_AUTO(MODELO_AUTO_ID, CLAVE, DESCRIPCION) VALUES (13, "ACC", "ACCENT");
INSERT INTO MODELO_AUTO(MODELO_AUTO_ID, CLAVE, DESCRIPCION) VALUES (14, "TOL", "TOLEDO");
INSERT INTO MODELO_AUTO(MODELO_AUTO_ID, CLAVE, DESCRIPCION) VALUES (15, "A1", "A1_2017");

/*Llenado de tabla "Marca de Autos"*/

INSERT INTO MARCA_DE_AUTOS(MARCA_DE_AUTOS_ID, CLAVE, DESCRIPCION, MODELO_AUTO_ID) VALUES (1, "NIS", "NISSAN", 1);
INSERT INTO MARCA_DE_AUTOS(MARCA_DE_AUTOS_ID, CLAVE, DESCRIPCION, MODELO_AUTO_ID) VALUES (2, "CHE", "CHEVROLET", 2);
INSERT INTO MARCA_DE_AUTOS(MARCA_DE_AUTOS_ID, CLAVE, DESCRIPCION, MODELO_AUTO_ID) VALUES (3, "VOL", "VOLKSWAGEN", 3);
INSERT INTO MARCA_DE_AUTOS(MARCA_DE_AUTOS_ID, CLAVE, DESCRIPCION, MODELO_AUTO_ID) VALUES (4, "HON", "HONDA", 4);
INSERT INTO MARCA_DE_AUTOS(MARCA_DE_AUTOS_ID, CLAVE, DESCRIPCION, MODELO_AUTO_ID) VALUES (5, "KIA", "KIA", 5);
INSERT INTO MARCA_DE_AUTOS(MARCA_DE_AUTOS_ID, CLAVE, DESCRIPCION, MODELO_AUTO_ID) VALUES (6, "DOD", "DODGE", 6);
INSERT INTO MARCA_DE_AUTOS(MARCA_DE_AUTOS_ID, CLAVE, DESCRIPCION, MODELO_AUTO_ID) VALUES (7, "MAZ", "MAZDA 3", 7);
INSERT INTO MARCA_DE_AUTOS(MARCA_DE_AUTOS_ID, CLAVE, DESCRIPCION, MODELO_AUTO_ID) VALUES (8, "REN", "RENAULT", 8);
INSERT INTO MARCA_DE_AUTOS(MARCA_DE_AUTOS_ID, CLAVE, DESCRIPCION, MODELO_AUTO_ID) VALUES (9, "TOY", "TOYOTA", 9);
INSERT INTO MARCA_DE_AUTOS(MARCA_DE_AUTOS_ID, CLAVE, DESCRIPCION, MODELO_AUTO_ID) VALUES (10, "GM", "GENERAL_MOTORS", 10);
INSERT INTO MARCA_DE_AUTOS(MARCA_DE_AUTOS_ID, CLAVE, DESCRIPCION, MODELO_AUTO_ID) VALUES (11, "FM", "FCA_MEXICO", 11);
INSERT INTO MARCA_DE_AUTOS(MARCA_DE_AUTOS_ID, CLAVE, DESCRIPCION, MODELO_AUTO_ID) VALUES (12, "FOR", "FORD", 12);
INSERT INTO MARCA_DE_AUTOS(MARCA_DE_AUTOS_ID, CLAVE, DESCRIPCION, MODELO_AUTO_ID) VALUES (13, "HYU", "HYUNDAI", 13);
INSERT INTO MARCA_DE_AUTOS(MARCA_DE_AUTOS_ID, CLAVE, DESCRIPCION, MODELO_AUTO_ID) VALUES (14, "SEA", "SEAT", 14);
INSERT INTO MARCA_DE_AUTOS(MARCA_DE_AUTOS_ID, CLAVE, DESCRIPCION, MODELO_AUTO_ID) VALUES (15, "AUD", "AUDI", 15);

/*Llenado de tabla Autos*/

INSERT INTO AUTO(AUTO_ID, NUMERO_DE_PLACA, NUMERO_DE_SERIE, YEAR, MARCA_DE_AUTOS_ID, MODELO_AUTO_ID) VALUES (1, "PLE9945", "1MEBP544XDW630740", 1, 1);
INSERT INTO AUTO(AUTO_ID, NUMERO_DE_PLACA, NUMERO_DE_SERIE, YEAR, MARCA_DE_AUTOS_ID, MODELO_AUTO_ID) VALUES (2, "PMA1359", "1080486317", 2, 2);
INSERT INTO AUTO(AUTO_ID, NUMERO_DE_PLACA, NUMERO_DE_SERIE, YEAR, MARCA_DE_AUTOS_ID, MODELO_AUTO_ID) VALUES (3, "GGN3426", "3BAMB1362762", 3, 3);
INSERT INTO AUTO(AUTO_ID, NUMERO_DE_PLACA, NUMERO_DE_SERIE, YEAR, MARCA_DE_AUTOS_ID, MODELO_AUTO_ID) VALUES (4, "PMR8706", "9LB12-22475", 4, 4);
INSERT INTO AUTO(AUTO_ID, NUMERO_DE_PLACA, NUMERO_DE_SERIE, YEAR, MARCA_DE_AUTOS_ID, MODELO_AUTO_ID) VALUES (5, "LTU5408", "1FABP33302W258035", 5, 5);
INSERT INTO AUTO(AUTO_ID, NUMERO_DE_PLACA, NUMERO_DE_SERIE, YEAR, MARCA_DE_AUTOS_ID, MODELO_AUTO_ID) VALUES (6, "PVP2631", "JN1HJ01P0NT613028", 6, 6);
INSERT INTO AUTO(AUTO_ID, NUMERO_DE_PLACA, NUMERO_DE_SERIE, YEAR, MARCA_DE_AUTOS_ID, MODELO_AUTO_ID) VALUES (7, "PFM5794", "T942021*8967860", 7, 7);
INSERT INTO AUTO(AUTO_ID, NUMERO_DE_PLACA, NUMERO_DE_SERIE, YEAR, MARCA_DE_AUTOS_ID, MODELO_AUTO_ID) VALUES (8, "344VPHK", "1FMEU1545LLA43803", 8, 8);
INSERT INTO AUTO(AUTO_ID, NUMERO_DE_PLACA, NUMERO_DE_SERIE, YEAR, MARCA_DE_AUTOS_ID, MODELO_AUTO_ID) VALUES (9, "PJC8032", "T65476", 9, 9);
INSERT INTO AUTO(AUTO_ID, NUMERO_DE_PLACA, NUMERO_DE_SERIE, YEAR, MARCA_DE_AUTOS_ID, MODELO_AUTO_ID) VALUES (10, "PHM4485", "T843656", 10, 10);
INSERT INTO AUTO(AUTO_ID, NUMERO_DE_PLACA, NUMERO_DE_SERIE, YEAR, MARCA_DE_AUTOS_ID, MODELO_AUTO_ID) VALUES (11, "PHG1109", "AL91YM17861", 11, 11);
INSERT INTO AUTO(AUTO_ID, NUMERO_DE_PLACA, NUMERO_DE_SERIE, YEAR, MARCA_DE_AUTOS_ID, MODELO_AUTO_ID) VALUES (12, "HZL3652", "19K0312398", 12, 12);
INSERT INTO AUTO(AUTO_ID, NUMERO_DE_PLACA, NUMERO_DE_SERIE, YEAR, MARCA_DE_AUTOS_ID, MODELO_AUTO_ID) VALUES (13, "824DCI3", "1FACP55U8LGT14594", 13, 13);
INSERT INTO AUTO(AUTO_ID, NUMERO_DE_PLACA, NUMERO_DE_SERIE, YEAR, MARCA_DE_AUTOS_ID, MODELO_AUTO_ID) VALUES (14, "PFH9371", "1HRN628776", 14, 14);
INSERT INTO AUTO(AUTO_ID, NUMERO_DE_PLACA, NUMERO_DE_SERIE, YEAR, MARCA_DE_AUTOS_ID, MODELO_AUTO_ID) VALUES (15, "GZS9843", "1J4FJ7862ML595423", 15, 15);

/*Llenado de Estado*/

INSERT INTO ESTADO(ESTADO_ID, CLAVE, NOMBRE) VALUES (1,'AGS','AGUASCALIENTES');
INSERT INTO ESTADO(ESTADO_ID, CLAVE, NOMBRE) VALUES (2,'BCN','Baja California');
INSERT INTO ESTADO(ESTADO_ID, CLAVE, NOMBRE) VALUES (3,'BCS','Baja California Sur');
INSERT INTO ESTADO(ESTADO_ID, CLAVE, NOMBRE) VALUES (4,'CAM','Campeche');
INSERT INTO ESTADO(ESTADO_ID, CLAVE, NOMBRE) VALUES (5,'CHP','CHIAPAS');
INSERT INTO ESTADO(ESTADO_ID, CLAVE, NOMBRE) VALUES (6,'CHI','Chihuahua');
INSERT INTO ESTADO(ESTADO_ID, CLAVE, NOMBRE) VALUES (7,'DIF','Ciudad de MExico');
INSERT INTO ESTADO(ESTADO_ID, CLAVE, NOMBRE) VALUES (8,'COA','Coahuila');
INSERT INTO ESTADO(ESTADO_ID, CLAVE, NOMBRE) VALUES (9,'COL','COLIMA');
INSERT INTO ESTADO(ESTADO_ID, CLAVE, NOMBRE) VALUES (10,'DUR','DURANGO');
INSERT INTO ESTADO(ESTADO_ID, CLAVE, NOMBRE) VALUES (11,'GTO','Guanajuato');
INSERT INTO ESTADO(ESTADO_ID, CLAVE, NOMBRE) VALUES (12,'GRO','Guerrero');
INSERT INTO ESTADO(ESTADO_ID, CLAVE, NOMBRE) VALUES (13,'HGO','Hidalgo');
INSERT INTO ESTADO(ESTADO_ID, CLAVE, NOMBRE) VALUES (14,'JAL','Jalisco');
INSERT INTO ESTADO(ESTADO_ID, CLAVE, NOMBRE) VALUES (15,'MEX','MexiCo');
INSERT INTO ESTADO(ESTADO_ID, CLAVE, NOMBRE) VALUES (16,'MIC','Michoacan');
INSERT INTO ESTADO(ESTADO_ID, CLAVE, NOMBRE) VALUES (17,'MOR','Morelos');
INSERT INTO ESTADO(ESTADO_ID, CLAVE, NOMBRE) VALUES (18,'NAY','Nayarit');
INSERT INTO ESTADO(ESTADO_ID, CLAVE, NOMBRE) VALUES (19,'NLE','Nuevo leon');
INSERT INTO ESTADO(ESTADO_ID, CLAVE, NOMBRE) VALUES (20,'OAX','Oaxaca');
INSERT INTO ESTADO(ESTADO_ID, CLAVE, NOMBRE) VALUES (21,'PUE','Puebla');
INSERT INTO ESTADO(ESTADO_ID, CLAVE, NOMBRE) VALUES (22,'QRO','Queretaro');
INSERT INTO ESTADO(ESTADO_ID, CLAVE, NOMBRE) VALUES (23,'ROO','Quintana Roo');
INSERT INTO ESTADO(ESTADO_ID, CLAVE, NOMBRE) VALUES (24,'SLP','San Luis Potosi');
INSERT INTO ESTADO(ESTADO_ID, CLAVE, NOMBRE) VALUES (25,'SIN','Sinaloa');
INSERT INTO ESTADO(ESTADO_ID, CLAVE, NOMBRE) VALUES (26,'SON','Sonora');
INSERT INTO ESTADO(ESTADO_ID, CLAVE, NOMBRE) VALUES (27,'TAB','Tabasco');
INSERT INTO ESTADO(ESTADO_ID, CLAVE, NOMBRE) VALUES (28,'TAM','Tamaulipas');
INSERT INTO ESTADO(ESTADO_ID, CLAVE, NOMBRE) VALUES (29,'TLX','Tlaxcala');
INSERT INTO ESTADO(ESTADO_ID, CLAVE, NOMBRE) VALUES (30,'VER','Veracruz');
INSERT INTO ESTADO(ESTADO_ID, CLAVE, NOMBRE) VALUES (31,'YUC','Yucatan');
INSERT INTO ESTADO(ESTADO_ID, CLAVE, NOMBRE) VALUES (32,'ZAC','Zacatecas');

/*Llenado de Direccion*/

INSERT INTO DIRECCION(DIRECCION_ID, CODIGO_POSTAL, CALLE, NUMERO, ESTADO_ID) VALUES (0,0,'INFO CONFIDENCIAL',0, 0);
INSERT INTO DIRECCION(DIRECCION_ID, CODIGO_POSTAL, CALLE, NUMERO, ESTADO_ID) VALUES (1,54874,'COLIFLOR',54, 5);
INSERT INTO DIRECCION(DIRECCION_ID, CODIGO_POSTAL, CALLE, NUMERO, ESTADO_ID) VALUES (2,54874,'DALIAS',14, 31);
INSERT INTO DIRECCION(DIRECCION_ID, CODIGO_POSTAL, CALLE, NUMERO, ESTADO_ID) VALUES (3,56974,'JAZMIN',94, 21);
INSERT INTO DIRECCION(DIRECCION_ID, CODIGO_POSTAL, CALLE, NUMERO, ESTADO_ID) VALUES (4,52174,'NOCHEBUENA',55, 14);
INSERT INTO DIRECCION(DIRECCION_ID, CODIGO_POSTAL, CALLE, NUMERO, ESTADO_ID) VALUES (5,54870,'ZAPATA',52, 3);
INSERT INTO DIRECCION(DIRECCION_ID, CODIGO_POSTAL, CALLE, NUMERO, ESTADO_ID) VALUES (6,55874,'CARAMELO',11, 7);
INSERT INTO DIRECCION(DIRECCION_ID, CODIGO_POSTAL, CALLE, NUMERO, ESTADO_ID) VALUES (7,57874,'COLMENA',21, 7);
INSERT INTO DIRECCION(DIRECCION_ID, CODIGO_POSTAL, CALLE, NUMERO, ESTADO_ID) VALUES (8,55320,'GIRASOLES',87, 5);
INSERT INTO DIRECCION(DIRECCION_ID, CODIGO_POSTAL, CALLE, NUMERO, ESTADO_ID) VALUES (9,55174,'TIRADORES',64, 1);
INSERT INTO DIRECCION(DIRECCION_ID, CODIGO_POSTAL, CALLE, NUMERO, ESTADO_ID) VALUES (10,56984,'ATONILO',44, 9);
INSERT INTO DIRECCION(DIRECCION_ID, CODIGO_POSTAL, CALLE, NUMERO, ESTADO_ID) VALUES (11,50872,'LOTOS',99, 11);
INSERT INTO DIRECCION(DIRECCION_ID, CODIGO_POSTAL, CALLE, NUMERO, ESTADO_ID) VALUES (12,51871,'PETUNIA',51, 16);
INSERT INTO DIRECCION(DIRECCION_ID, CODIGO_POSTAL, CALLE, NUMERO, ESTADO_ID) VALUES (13,59879,'CHOCOMILK',69, 4);
INSERT INTO DIRECCION(DIRECCION_ID, CODIGO_POSTAL, CALLE, NUMERO, ESTADO_ID) VALUES (14,57878,'PALEMON',87, 3);
INSERT INTO DIRECCION(DIRECCION_ID, CODIGO_POSTAL, CALLE, NUMERO, ESTADO_ID) VALUES (15,55877,'VILLANUEVA',33, 15);
INSERT INTO DIRECCION(DIRECCION_ID, CODIGO_POSTAL, CALLE, NUMERO, ESTADO_ID) VALUES (16,07460,'CALZ. SAN JUAN DE ARAGON', 285, 15);
INSERT INTO DIRECCION(DIRECCION_ID, CODIGO_POSTAL, CALLE, NUMERO, ESTADO_ID) VALUES (17,07760,'RIOBAMBA',639, 15)
INSERT INTO DIRECCION(DIRECCION_ID, CODIGO_POSTAL, CALLE, NUMERO, ESTADO_ID) VALUES (18,06000,'JESUS MARIA', 161, 15);
INSERT INTO DIRECCION(DIRECCION_ID, CODIGO_POSTAL, CALLE, NUMERO, ESTADO_ID) VALUES (19, 55760, 'PALMAS', 32, 15);
INSERT INTO DIRECCION(DIRECCION_ID, CODIGO_POSTAL, CALLE, NUMERO, ESTADO_ID) VALUES (20, 67541, 'EBANO', 43, 15);
INSERT INTO DIRECCION(DIRECCION_ID, CODIGO_POSTAL, CALLE, NUMERO, ESTADO_ID) VALUES (21, 13241, 'SIRIO', 21, 15);
INSERT INTO DIRECCION(DIRECCION_ID, CODIGO_POSTAL, CALLE, NUMERO, ESTADO_ID) VALUES (22, 27461, 'YEPETO', 13, 15);
INSERT INTO DIRECCION(DIRECCION_ID, CODIGO_POSTAL, CALLE, NUMERO, ESTADO_ID) VALUES (23, 13241, 'ROJO', 24, 15);
INSERT INTO DIRECCION(DIRECCION_ID, CODIGO_POSTAL, CALLE, NUMERO, ESTADO_ID) VALUES (24, 91821, 'DOCTORES', 47, 15);
INSERT INTO DIRECCION(DIRECCION_ID, CODIGO_POSTAL, CALLE, NUMERO, ESTADO_ID) VALUES (25, 14351, 'HIERRO', 31, 15);
INSERT INTO DIRECCION(DIRECCION_ID, CODIGO_POSTAL, CALLE, NUMERO, ESTADO_ID) VALUES (26, 19112, 'ESTAÑO', 33, 15);
INSERT INTO DIRECCION(DIRECCION_ID, CODIGO_POSTAL, CALLE, NUMERO, ESTADO_ID) VALUES (27, 12343, 'PLOMO', 14, 15);
INSERT INTO DIRECCION(DIRECCION_ID, CODIGO_POSTAL, CALLE, NUMERO, ESTADO_ID) VALUES (28, 19481, 'MERCURIO', 16, 15);
INSERT INTO DIRECCION(DIRECCION_ID, CODIGO_POSTAL, CALLE, NUMERO, ESTADO_ID) VALUES (29, 18875, 'CIGUEÑA', 98, 15);
INSERT INTO DIRECCION(DIRECCION_ID, CODIGO_POSTAL, CALLE, NUMERO, ESTADO_ID) VALUES (30, 11773, 'PLATA', 19, 15);
INSERT INTO DIRECCION(DIRECCION_ID, CODIGO_POSTAL, CALLE, NUMERO, ESTADO_ID) VALUES (31, 18764, 'LLAMA', 31, 15);
INSERT INTO DIRECCION(DIRECCION_ID, CODIGO_POSTAL, CALLE, NUMERO, ESTADO_ID) VALUES (32, 98173, 'SILICIO', 22, 15);
  
/*Llenado de Tarjeta de Credito*/

INSERT INTO TARJETA_DE_CREDITO(TARJETA_DE_CREDITO_ID, NUMERO_DE_TARJETA, NUMERO_DE_SEGURIDAD, TIPO, FECHA_DE_EXPIRACION) VALUES(1, "4566559882252367", 367, "VISA", TO_DATE('13/04/2020','YYYY/MM/DD'));
INSERT INTO TARJETA_DE_CREDITO(TARJETA_DE_CREDITO_ID, NUMERO_DE_TARJETA, NUMERO_DE_SEGURIDAD, TIPO, FECHA_DE_EXPIRACION) VALUES(2, "3600743072110356", 356, "DINNERS CLUB", TO_DATE('24/11/2019','YYYY/MM/DD'));
INSERT INTO TARJETA_DE_CREDITO(TARJETA_DE_CREDITO_ID, NUMERO_DE_TARJETA, NUMERO_DE_SEGURIDAD, TIPO, FECHA_DE_EXPIRACION) VALUES(3, "3093054410535370", 370, "JCB", TO_DATE('30/01/2022','YYYY/MM/DD'));
INSERT INTO TARJETA_DE_CREDITO(TARJETA_DE_CREDITO_ID, NUMERO_DE_TARJETA, NUMERO_DE_SEGURIDAD, TIPO, FECHA_DE_EXPIRACION) VALUES(4, "6233652637467139", 139, "CHINA UNION", TO_DATE('21/12/2021','YYYY/MM/DD'));
INSERT INTO TARJETA_DE_CREDITO(TARJETA_DE_CREDITO_ID, NUMERO_DE_TARJETA, NUMERO_DE_SEGURIDAD, TIPO, FECHA_DE_EXPIRACION) VALUES(5, "4846959802296191", 191, "VISA", TO_DATE('31/03/2019','YYYY/MM/DD'));
INSERT INTO TARJETA_DE_CREDITO(TARJETA_DE_CREDITO_ID, NUMERO_DE_TARJETA, NUMERO_DE_SEGURIDAD, TIPO, FECHA_DE_EXPIRACION) VALUES(6, "6791369844296805", 805, "DISCOVERY", TO_DATE('15/08/2022','YYYY/MM/DD'));
INSERT INTO TARJETA_DE_CREDITO(TARJETA_DE_CREDITO_ID, NUMERO_DE_TARJETA, NUMERO_DE_SEGURIDAD, TIPO, FECHA_DE_EXPIRACION) VALUES(7, "3600743072110323", 323, "DINNERS CLUB", TO_DATE('16/10/2021','YYYY/MM/DD'));
INSERT INTO TARJETA_DE_CREDITO(TARJETA_DE_CREDITO_ID, NUMERO_DE_TARJETA, NUMERO_DE_SEGURIDAD, TIPO, FECHA_DE_EXPIRACION) VALUES(8, "4410302867692507", 507, "DINNERS CLUB", TO_DATE('19/04/2023','YYYY/MM/DD'));
INSERT INTO TARJETA_DE_CREDITO(TARJETA_DE_CREDITO_ID, NUMERO_DE_TARJETA, NUMERO_DE_SEGURIDAD, TIPO, FECHA_DE_EXPIRACION) VALUES(9, "4703710959255833", 833, "VISA", TO_DATE('15/09/2022','YYYY/MM/DD'));
INSERT INTO TARJETA_DE_CREDITO(TARJETA_DE_CREDITO_ID, NUMERO_DE_TARJETA, NUMERO_DE_SEGURIDAD, TIPO, FECHA_DE_EXPIRACION) VALUES(10, "6233652637467139", 139, "CHINA UNION", TO_DATE('23/05/2020','YYYY/MM/DD'));
INSERT INTO TARJETA_DE_CREDITO(TARJETA_DE_CREDITO_ID, NUMERO_DE_TARJETA, NUMERO_DE_SEGURIDAD, TIPO, FECHA_DE_EXPIRACION) VALUES(11, "3093054410535370", 370, "JCB", TO_DATE('29/06/2021','YYYY/MM/DD'));
INSERT INTO TARJETA_DE_CREDITO(TARJETA_DE_CREDITO_ID, NUMERO_DE_TARJETA, NUMERO_DE_SEGURIDAD, TIPO, FECHA_DE_EXPIRACION) VALUES(12, "3260074307121109", 109, "DINNERS CLUB", TO_DATE('28/02/2020','YYYY/MM/DD'));
INSERT INTO TARJETA_DE_CREDITO(TARJETA_DE_CREDITO_ID, NUMERO_DE_TARJETA, NUMERO_DE_SEGURIDAD, TIPO, FECHA_DE_EXPIRACION) VALUES(13, "4274711396277900", 900, "DISCOVERY", TO_DATE('31/05/2019','YYYY/MM/DD'));
INSERT INTO TARJETA_DE_CREDITO(TARJETA_DE_CREDITO_ID, NUMERO_DE_TARJETA, NUMERO_DE_SEGURIDAD, TIPO, FECHA_DE_EXPIRACION) VALUES(14, "4677692099379529", 529, "VISA", TO_DATE('20/01/2022','YYYY/MM/DD'));
INSERT INTO TARJETA_DE_CREDITO(TARJETA_DE_CREDITO_ID, NUMERO_DE_TARJETA, NUMERO_DE_SEGURIDAD, TIPO, FECHA_DE_EXPIRACION) VALUES(15, "3029841354427554", 554, "CHINA UNION", TO_DATE('19/02/2020','YYYY/MM/DD'));

/*Llenado de Cliente*/

INSERT INTO CLIENTE(CLIENTE_ID, NOMBRE, APELLIDO_PATERNO, APELLIDO_MATERNO, FECHA_DE_NACIMIENTO, RFC, EMAIL, TELEFONO, DIRECCION_ID, TARJETA_DE_CREDITO_ID) VALUES (1,'PEPITO','JUAREZ','PEREZ',TO_DATE('1978/05/20','YYYY/MM/DD'), 'JUPP780520', 'estella@gmail.com',5597485498,1,1);
INSERT INTO CLIENTE(CLIENTE_ID, NOMBRE, APELLIDO_PATERNO, APELLIDO_MATERNO, FECHA_DE_NACIMIENTO, RFC, EMAIL, TELEFONO, DIRECCION_ID, TARJETA_DE_CREDITO_ID) VALUES (2,'CONCHITA','RAMIREZ','PALACIOS',TO_DATE('1968/04/10','YYYY/MM/DD'), 'RAPC680410', 'quieresmiconchita@gmail.com',5587410985,2,2);
INSERT INTO CLIENTE(CLIENTE_ID, NOMBRE, APELLIDO_PATERNO, APELLIDO_MATERNO, FECHA_DE_NACIMIENTO, RFC, EMAIL, TELEFONO, DIRECCION_ID, TARJETA_DE_CREDITO_ID) VALUES (3,'JOSE','MARTINEZ','MARTINEZ',TO_DATE('1990/01/20','YYYY/MM/DD'), 'MAMJ900120', 'quetriste1234@gmail.com',5574847410,3,3);
INSERT INTO CLIENTE(CLIENTE_ID, NOMBRE, APELLIDO_PATERNO, APELLIDO_MATERNO, FECHA_DE_NACIMIENTO, RFC, EMAIL, TELEFONO, DIRECCION_ID, TARJETA_DE_CREDITO_ID) VALUES (4,'JACOBO','MARTINEZ','REYES',TO_DATE('1928/06/26','YYYY/MM/DD'), 'MARJ280626', 'zablu9829@gmail.com', 9645871098,4,4);
INSERT INTO CLIENTE(CLIENTE_ID, NOMBRE, APELLIDO_PATERNO, APELLIDO_MATERNO, FECHA_DE_NACIMIENTO, RFC, EMAIL, TELEFONO, DIRECCION_ID, TARJETA_DE_CREDITO_ID) VALUES (5,'JOSE LUIS','PEREZ','PEREZ',TO_DATE('1988/05/05','YYYY/MM/DD'), 'PEPJ880505', 'perezjosejaja2@hotmail.com', 9988745015, 5,5);
INSERT INTO CLIENTE(CLIENTE_ID, NOMBRE, APELLIDO_PATERNO, APELLIDO_MATERNO, FECHA_DE_NACIMIENTO, RFC, EMAIL, TELEFONO, DIRECCION_ID, TARJETA_DE_CREDITO_ID) VALUES (6,'LUCIANA','RAMIREZ','RUIZ',TO_DATE('1995/12/20','YYYY/MM/DD'), 'RARL951220', 'lucianalaloka@live.com.mx', 5574859641,6,6);
INSERT INTO CLIENTE(CLIENTE_ID, NOMBRE, APELLIDO_PATERNO, APELLIDO_MATERNO, FECHA_DE_NACIMIENTO, RFC, EMAIL, TELEFONO, DIRECCION_ID, TARJETA_DE_CREDITO_ID) VALUES (7,'JOSEFINA','VAZQUEZ','VAZQUEZ',TO_DATE('1957/01/11','YYYY/MM/DD'), 'VAVJ570111', 'lajosefinakrnal@hotmail.com', 5578941078,7,7);
INSERT INTO CLIENTE(CLIENTE_ID, NOMBRE, APELLIDO_PATERNO, APELLIDO_MATERNO, FECHA_DE_NACIMIENTO, RFC, EMAIL, TELEFONO, DIRECCION_ID, TARJETA_DE_CREDITO_ID) VALUES (8,'LUCAS','ALVAREZ','AZCARRAGA',TO_DATE('1998/06/25','YYYY/MM/DD'), 'ALAL980625', 'azcaarragax100pre@gmail.com', 5587098579,8,8);
INSERT INTO CLIENTE(CLIENTE_ID, NOMBRE, APELLIDO_PATERNO, APELLIDO_MATERNO, FECHA_DE_NACIMIENTO, RFC, EMAIL, TELEFONO, DIRECCION_ID, TARJETA_DE_CREDITO_ID) VALUES (9,'BERENICE','LOPEZ','CUESTA',TO_DATE('1999/06/22','YYYY/MM/DD'), 'LOCB990622','berenice3e@gmail.com', 5598090941,9,9);
INSERT INTO CLIENTE(CLIENTE_ID, NOMBRE, APELLIDO_PATERNO, APELLIDO_MATERNO, FECHA_DE_NACIMIENTO, RFC, EMAIL, TELEFONO, DIRECCION_ID, TARJETA_DE_CREDITO_ID) VALUES (10,'MIKE','RIVAS','MORENO',TO_DATE('1985/11/30','YYYY/MM/DD'), 'RIMM851130','mikemike98@hotmail.com', 5574989863,10,10);
INSERT INTO CLIENTE(CLIENTE_ID, NOMBRE, APELLIDO_PATERNO, APELLIDO_MATERNO, FECHA_DE_NACIMIENTO, RFC, EMAIL, TELEFONO, DIRECCION_ID, TARJETA_DE_CREDITO_ID) VALUES (11,'JULIO','JARAMILLO','LOPEZ',TO_DATE('1978/05/19','YYYY/MM/DD'), 'JALJ780519','nuestrojuramento69@hotmail.com', 5578109265,11,11);
INSERT INTO CLIENTE(CLIENTE_ID, NOMBRE, APELLIDO_PATERNO, APELLIDO_MATERNO, FECHA_DE_NACIMIENTO, RFC, EMAIL, TELEFONO, DIRECCION_ID, TARJETA_DE_CREDITO_ID) VALUES (12,'PEDRO','INFANTE','BALLADO',TO_DATE('1931/11/22','YYYY/MM/DD'), 'INBP311122', 'pepillocale9@gmail.com', 5584747410,12,12);
INSERT INTO CLIENTE(CLIENTE_ID, NOMBRE, APELLIDO_PATERNO, APELLIDO_MATERNO, FECHA_DE_NACIMIENTO, RFC, EMAIL, TELEFONO, DIRECCION_ID, TARJETA_DE_CREDITO_ID) VALUES (13,'BRAYAN','LOPEZ','PEREZ',TO_DATE('1999/10/10','YYYY/MM/DD'), 'LOPB991010', 'dametukrtra@hotmail.com', 5574854141,13,13);
INSERT INTO CLIENTE(CLIENTE_ID, NOMBRE, APELLIDO_PATERNO, APELLIDO_MATERNO, FECHA_DE_NACIMIENTO, RFC, EMAIL, TELEFONO, DIRECCION_ID, TARJETA_DE_CREDITO_ID) VALUES (14,'JUANA','ROSAS','TAPIA',TO_DATE('1978/07/07','YYYY/MM/DD'), 'ROTJ780707','juanalaiguana@hotmail.com',5568980917,14,14);
INSERT INTO CLIENTE(CLIENTE_ID, NOMBRE, APELLIDO_PATERNO, APELLIDO_MATERNO, FECHA_DE_NACIMIENTO, RFC, EMAIL, TELEFONO, DIRECCION_ID, TARJETA_DE_CREDITO_ID) VALUES (15,'ROGELIO','DIAZ','MORENO',TO_DATE('1978/05/20','YYYY/MM/DD'), 'DIMR780520','rogeliodiaz@gmail.com',5598748596,15,15);


/*Llenado de Tipo de Seguro*/

INSERT INTO TIPO_DE_SEGURO(TIPO_DE_SEGURO_ID, CLAVE, DESCRIPCION) VALUES(1, "CB", "COBERTURA BASICA");
INSERT INTO TIPO_DE_SEGURO(TIPO_DE_SEGURO_ID, CLAVE, DESCRIPCION) VALUES(2, "CA", "COBERTURA AMPLIA");
INSERT INTO TIPO_DE_SEGURO(TIPO_DE_SEGURO_ID, CLAVE, DESCRIPCION) VALUES(3, "CP", "COBERTURA PLUS");

/*Llenado de Cotizacion*/

INSERT INTO COTIZACION(COTIZACION_ID,EDAD_CLIENTE,FECHA_DE_COTIZACION, CLIENTE_ID,AUTO_ID,TIPO_DE_SEGURO) VALUES (1, 32, TO_DATE('2017/10/30','YYYY/MM/DD'), 1, 1, 1);
INSERT INTO COTIZACION(COTIZACION_ID,EDAD_CLIENTE,FECHA_DE_COTIZACION, CLIENTE_ID,AUTO_ID,TIPO_DE_SEGURO) VALUES (2, 32, TO_DATE('2017/10/30','YYYY/MM/DD'), 2, 2, 1);
INSERT INTO COTIZACION(COTIZACION_ID,EDAD_CLIENTE,FECHA_DE_COTIZACION, CLIENTE_ID,AUTO_ID,TIPO_DE_SEGURO) VALUES (3, 22, TO_DATE('2018/01/30','YYYY/MM/DD'), 3, 3, 2);
INSERT INTO COTIZACION(COTIZACION_ID,EDAD_CLIENTE,FECHA_DE_COTIZACION, CLIENTE_ID,AUTO_ID,TIPO_DE_SEGURO) VALUES (4, 72, TO_DATE('2018/02/20','YYYY/MM/DD'), 4, 4, 1);
INSERT INTO COTIZACION(COTIZACION_ID,EDAD_CLIENTE,FECHA_DE_COTIZACION, CLIENTE_ID,AUTO_ID,TIPO_DE_SEGURO) VALUES (5, 42, TO_DATE('2018/02/22','YYYY/MM/DD'), 5, 5, 2);
INSERT INTO COTIZACION(COTIZACION_ID,EDAD_CLIENTE,FECHA_DE_COTIZACION, CLIENTE_ID,AUTO_ID,TIPO_DE_SEGURO) VALUES (6, 52, TO_DATE('2017/12/30','YYYY/MM/DD'), 6, 6, 1);
INSERT INTO COTIZACION(COTIZACION_ID,EDAD_CLIENTE,FECHA_DE_COTIZACION, CLIENTE_ID,AUTO_ID,TIPO_DE_SEGURO) VALUES (7, 62, TO_DATE('2017/12/24','YYYY/MM/DD'), 7, 7, 3);
INSERT INTO COTIZACION(COTIZACION_ID,EDAD_CLIENTE,FECHA_DE_COTIZACION, CLIENTE_ID,AUTO_ID,TIPO_DE_SEGURO) VALUES (8, 35, TO_DATE('2017/12/03','YYYY/MM/DD'), 8, 8, 3);
INSERT INTO COTIZACION(COTIZACION_ID,EDAD_CLIENTE,FECHA_DE_COTIZACION, CLIENTE_ID,AUTO_ID,TIPO_DE_SEGURO) VALUES (9, 19, TO_DATE('2018/02/14','YYYY/MM/DD'), 9, 9, 1);
INSERT INTO COTIZACION(COTIZACION_ID,EDAD_CLIENTE,FECHA_DE_COTIZACION, CLIENTE_ID,AUTO_ID,TIPO_DE_SEGURO) VALUES (10, 20, TO_DATE('2017/11/17','YYYY/MM/DD'), 10, 10, 1);
INSERT INTO COTIZACION(COTIZACION_ID,EDAD_CLIENTE,FECHA_DE_COTIZACION, CLIENTE_ID,AUTO_ID,TIPO_DE_SEGURO) VALUES (11, 31, TO_DATE('2017/11/30','YYYY/MM/DD'), 11, 11, 3);
INSERT INTO COTIZACION(COTIZACION_ID,EDAD_CLIENTE,FECHA_DE_COTIZACION, CLIENTE_ID,AUTO_ID,TIPO_DE_SEGURO) VALUES (12, 30, TO_DATE('2017/10/21','YYYY/MM/DD'), 12, 12, 1);
INSERT INTO COTIZACION(COTIZACION_ID,EDAD_CLIENTE,FECHA_DE_COTIZACION, CLIENTE_ID,AUTO_ID,TIPO_DE_SEGURO) VALUES (13, 30, TO_DATE('2017/09/23','YYYY/MM/DD'), 13, 13, 3);
INSERT INTO COTIZACION(COTIZACION_ID,EDAD_CLIENTE,FECHA_DE_COTIZACION, CLIENTE_ID,AUTO_ID,TIPO_DE_SEGURO) VALUES (14, 35, TO_DATE('2017/11/24','YYYY/MM/DD'), 14, 14, 1);
INSERT INTO COTIZACION(COTIZACION_ID,EDAD_CLIENTE,FECHA_DE_COTIZACION, CLIENTE_ID,AUTO_ID,TIPO_DE_SEGURO) VALUES (15, 39, TO_DATE('2018/01/30','YYYY/MM/DD'), 15, 15, 1);



/*Llenado de Aseguradoras*/

INSERT INTO ASEGURADORAS(ASEGURADORA_ID, CLAVE, DESCRIPCION) VALUES(1, '---', 'NINGUNA');
INSERT INTO ASEGURADORAS(ASEGURADORA_ID, CLAVE, DESCRIPCION) VALUES(1, 'LLS', 'La Latinoamericana, Seguros, S.A');
INSERT INTO ASEGURADORAS(ASEGURADORA_ID, CLAVE, DESCRIPCION) VALUES(2, 'SBB', 'Seguros BBVA Bancomer, S.A. de C.V.');
INSERT INTO ASEGURADORAS(ASEGURADORA_ID, CLAVE, DESCRIPCION) VALUES(3, "ZSS", "Zurich Santander Seguros México, S.A.");
INSERT INTO ASEGURADORAS(ASEGURADORA_ID, CLAVE, DESCRIPCION) VALUES(4, "GNP", "Grupo Nacional Provincial, S.A.B.");
INSERT INTO ASEGURADORAS(ASEGURADORA_ID, CLAVE, DESCRIPCION) VALUES(5, "ZCS", "Zurich, Compania de Seguros, S.A.");
INSERT INTO ASEGURADORAS(ASEGURADORA_ID, CLAVE, DESCRIPCION) VALUES(6, "SB", "Seguros Banorte, S.A. de C.V.");
INSERT INTO ASEGURADORAS(ASEGURADORA_ID, CLAVE, DESCRIPCION) VALUES(7, "AXA", "AXA Seguros, S.A. de C.V.");
INSERT INTO ASEGURADORAS(ASEGURADORA_ID, CLAVE, DESCRIPCION) VALUES(8, "SA", "Seguros Afirme, S.A. de C. V.");
INSERT INTO ASEGURADORAS(ASEGURADORA_ID, CLAVE, DESCRIPCION) VALUES(9, "AIG", "AIG Mexico Seguros Interamericana, S.A. de C.V.");
INSERT INTO ASEGURADORAS(ASEGURADORA_ID, CLAVE, DESCRIPCION) VALUES(10, "SAT", "Seguros Atlas, S.A.");
INSERT INTO ASEGURADORAS(ASEGURADORA_ID, CLAVE, DESCRIPCION) VALUES(11, "MT", "Mapfre Tepeyac, S.A.");
INSERT INTO ASEGURADORAS(ASEGURADORA_ID, CLAVE, DESCRIPCION) VALUES(12, "ACS", "El Aguila Compania de Seguros, S.A. de C.V.");
INSERT INTO ASEGURADORAS(ASEGURADORA_ID, CLAVE, DESCRIPCION) VALUES(13, "INB", "Seguros Inbursa, S.A., Grupo Financiero Inbursa");
INSERT INTO ASEGURADORAS(ASEGURADORA_ID, CLAVE, DESCRIPCION) VALUES(14, "QCS", "Qualitas Compania de Seguros, S.A.B. de C.V.");
INSERT INTO ASEGURADORAS(ASEGURADORA_ID, CLAVE, DESCRIPCION) VALUES(15, "TKC", "Tokio Marine Compania de Seguros, S.A. de C.V.");

/*Llenado de Auto Afectado*/

INSERT INTO AUTO_AFECTADO(AUTO_AFECTADO_ID, NUMERO_DE_SERIE, NUMERO_DE_POLIZA, ASEGURADORA_ID, MARCA_DE_AUTOS_ID) VALUES(1, "1J4FJ7862ML595423", 91767425489174260194, 1, 15);
INSERT INTO AUTO_AFECTADO(AUTO_AFECTADO_ID, NUMERO_DE_SERIE, NUMERO_DE_POLIZA, ASEGURADORA_ID, MARCA_DE_AUTOS_ID) VALUES(2, "JG4AM47AXCR137375", 17241829749812421284, 2, 14);
INSERT INTO AUTO_AFECTADO(AUTO_AFECTADO_ID, NUMERO_DE_SERIE, NUMERO_DE_POLIZA, ASEGURADORA_ID, MARCA_DE_AUTOS_ID) VALUES(3, "3G5JX54WR51006121", 10924842091209482198, 3, 13);
INSERT INTO AUTO_AFECTADO(AUTO_AFECTADO_ID, NUMERO_DE_SERIE, NUMERO_DE_POLIZA, ASEGURADORA_ID, MARCA_DE_AUTOS_ID) VALUES(4, "7H24KA51504081982", 23198476178419827361, 4, 12);
INSERT INTO AUTO_AFECTADO(AUTO_AFECTADO_ID, NUMERO_DE_SERIE, NUMERO_DE_POLIZA, ASEGURADORA_ID, MARCA_DE_AUTOS_ID) VALUES(5, "1B3ES22C9TD540920", 47162371489127361526, 5, 11);
INSERT INTO AUTO_AFECTADO(AUTO_AFECTADO_ID, NUMERO_DE_SERIE, NUMERO_DE_POLIZA, ASEGURADORA_ID, MARCA_DE_AUTOS_ID) VALUES(6, "1N6SD11S1MC337085", 17615273941726474817, 6, 10);
INSERT INTO AUTO_AFECTADO(AUTO_AFECTADO_ID, NUMERO_DE_SERIE, NUMERO_DE_POLIZA, ASEGURADORA_ID, MARCA_DE_AUTOS_ID) VALUES(7, "1FMYU03192KA00870", 18284768128744381827, 7, 9);
INSERT INTO AUTO_AFECTADO(AUTO_AFECTADO_ID, NUMERO_DE_SERIE, NUMERO_DE_POLIZA, ASEGURADORA_ID, MARCA_DE_AUTOS_ID) VALUES(8, "AL46FY10256451234", 12981712831727489128, 8, 8);
INSERT INTO AUTO_AFECTADO(AUTO_AFECTADO_ID, NUMERO_DE_SERIE, NUMERO_DE_POLIZA, ASEGURADORA_ID, MARCA_DE_AUTOS_ID) VALUES(9, "2G3AH3SA8C2355601", 92319829417827318212, 9, 7);
INSERT INTO AUTO_AFECTADO(AUTO_AFECTADO_ID, NUMERO_DE_SERIE, NUMERO_DE_POLIZA, ASEGURADORA_ID, MARCA_DE_AUTOS_ID) VALUES(10, "1GCDC14K3KZ171026", 12849471723123712812, 10, 6);
INSERT INTO AUTO_AFECTADO(AUTO_AFECTADO_ID, NUMERO_DE_SERIE, NUMERO_DE_POLIZA, ASEGURADORA_ID, MARCA_DE_AUTOS_ID) VALUES(11, "3B3ES47C25T592175", 12848791838974187827, 11, 5);
INSERT INTO AUTO_AFECTADO(AUTO_AFECTADO_ID, NUMERO_DE_SERIE, NUMERO_DE_POLIZA, ASEGURADORA_ID, MARCA_DE_AUTOS_ID) VALUES(12, "1FAFP4048WF265387", 18374682712784712371, 12, 4);
INSERT INTO AUTO_AFECTADO(AUTO_AFECTADO_ID, NUMERO_DE_SERIE, NUMERO_DE_POLIZA, ASEGURADORA_ID, MARCA_DE_AUTOS_ID) VALUES(13, "3C3B548W7NT246049", 84712984126438172312, 13, 3);
INSERT INTO AUTO_AFECTADO(AUTO_AFECTADO_ID, NUMERO_DE_SERIE, NUMERO_DE_POLIZA, ASEGURADORA_ID, MARCA_DE_AUTOS_ID) VALUES(14, "3G1SF24231S134616", 17461241727481274172, 14, 2);
INSERT INTO AUTO_AFECTADO(AUTO_AFECTADO_ID, NUMERO_DE_SERIE, NUMERO_DE_POLIZA, ASEGURADORA_ID, MARCA_DE_AUTOS_ID) VALUES(15, "3BNBB1J6371303002", 12849127499182718387, 15, 1);

/*Llenado de Siniestro de Colision*/

INSERT INTO SINIESTRO_DE_COLISION(SINIESTRO_DE_COLISION_ID, NUMERO_DE_REPORTE_VIAL, GRUA, AUTO_AFECTADO_ID) VALUES(1, "43121568", 'S', 1);
INSERT INTO SINIESTRO_DE_COLISION(SINIESTRO_DE_COLISION_ID, NUMERO_DE_REPORTE_VIAL, GRUA, AUTO_AFECTADO_ID) VALUES(2, "94716274", 'S', 2);
INSERT INTO SINIESTRO_DE_COLISION(SINIESTRO_DE_COLISION_ID, NUMERO_DE_REPORTE_VIAL, GRUA, AUTO_AFECTADO_ID) VALUES(3, "75613412", 'S', 3);
INSERT INTO SINIESTRO_DE_COLISION(SINIESTRO_DE_COLISION_ID, NUMERO_DE_REPORTE_VIAL, GRUA, AUTO_AFECTADO_ID) VALUES(4, "76512475", 'S', 4);
INSERT INTO SINIESTRO_DE_COLISION(SINIESTRO_DE_COLISION_ID, NUMERO_DE_REPORTE_VIAL, GRUA, AUTO_AFECTADO_ID) VALUES(5, "78796254", 'N', 5);
INSERT INTO SINIESTRO_DE_COLISION(SINIESTRO_DE_COLISION_ID, NUMERO_DE_REPORTE_VIAL, GRUA, AUTO_AFECTADO_ID) VALUES(6, "91846124", 'N', 6);
INSERT INTO SINIESTRO_DE_COLISION(SINIESTRO_DE_COLISION_ID, NUMERO_DE_REPORTE_VIAL, GRUA, AUTO_AFECTADO_ID) VALUES(7, "18751453", 'S', 7);
INSERT INTO SINIESTRO_DE_COLISION(SINIESTRO_DE_COLISION_ID, NUMERO_DE_REPORTE_VIAL, GRUA, AUTO_AFECTADO_ID) VALUES(8, "95817241", 'S', 8);
INSERT INTO SINIESTRO_DE_COLISION(SINIESTRO_DE_COLISION_ID, NUMERO_DE_REPORTE_VIAL, GRUA, AUTO_AFECTADO_ID) VALUES(9, "85712645", 'S', 9);
INSERT INTO SINIESTRO_DE_COLISION(SINIESTRO_DE_COLISION_ID, NUMERO_DE_REPORTE_VIAL, GRUA, AUTO_AFECTADO_ID) VALUES(10, "12461241", 'N', 10);
INSERT INTO SINIESTRO_DE_COLISION(SINIESTRO_DE_COLISION_ID, NUMERO_DE_REPORTE_VIAL, GRUA, AUTO_AFECTADO_ID) VALUES(11, "51241245", 'S', 11);
INSERT INTO SINIESTRO_DE_COLISION(SINIESTRO_DE_COLISION_ID, NUMERO_DE_REPORTE_VIAL, GRUA, AUTO_AFECTADO_ID) VALUES(12, "87126414", 'S', 12);
INSERT INTO SINIESTRO_DE_COLISION(SINIESTRO_DE_COLISION_ID, NUMERO_DE_REPORTE_VIAL, GRUA, AUTO_AFECTADO_ID) VALUES(13, "85712648", 'N', 13);
INSERT INTO SINIESTRO_DE_COLISION(SINIESTRO_DE_COLISION_ID, NUMERO_DE_REPORTE_VIAL, GRUA, AUTO_AFECTADO_ID) VALUES(14, "59127471", 'S', 14);
INSERT INTO SINIESTRO_DE_COLISION(SINIESTRO_DE_COLISION_ID, NUMERO_DE_REPORTE_VIAL, GRUA, AUTO_AFECTADO_ID) VALUES(15, "57192874", 'N', 15);

/*Llenado de Afectado*/

INSERT INTO AFECTADO(AUTO_AFECTADO_ID, NOMBRE, AP_PATERNO, AP_MATERNO, DAMAGE_DESCRIPTION, CURP) VALUES(1, "LEONARDO", "AREVALO", "CARDENAS", "EPALE EPALE MI PIERNITA", "AECJ940429HCHRRS01");
INSERT INTO AFECTADO(AUTO_AFECTADO_ID, NOMBRE, AP_PATERNO, AP_MATERNO, DAMAGE_DESCRIPTION, CURP) VALUES(2, "CLARISSA", "ARIAS", "HERNANDEZ", "ME AVENTO EL COCHE", "AIHP911101MCHRRR03");
INSERT INTO AFECTADO(AUTO_AFECTADO_ID, NOMBRE, AP_PATERNO, AP_MATERNO, DAMAGE_DESCRIPTION, CURP) VALUES(3, "CARLOS", "BARRERA", "VILLANUEVA", "EL AUTO VOLO SOBRE MI Y VOLO TODO CON SU RASHO LASER", "BAVC840614HCHRLR04");
INSERT INTO AFECTADO(AUTO_AFECTADO_ID, NOMBRE, AP_PATERNO, AP_MATERNO, DAMAGE_DESCRIPTION, CURP) VALUES(4, "JUAN", "CARRASCO", "MARTINEZ", "EL CONDUCTOR NO FRENO A TIEMPO", "CAMJ900421HCHRRN05");
INSERT INTO AFECTADO(AUTO_AFECTADO_ID, NOMBRE, AP_PATERNO, AP_MATERNO, DAMAGE_DESCRIPTION, CURP) VALUES(5, "RUBEN", "CEBALLOS", "MARTINEZ", "EL CONDUCTOR NO RESPETO EL ALTO", "CEMR880711HCHBRB00");
INSERT INTO AFECTADO(AUTO_AFECTADO_ID, NOMBRE, AP_PATERNO, AP_MATERNO, DAMAGE_DESCRIPTION, CURP) VALUES(6, "EDDY", "CERA", "JUÁREZ", "LA PERSONA CRUZO LA CALLE SIN PRECACUCION", "CEJE930315HCHRRD06");
INSERT INTO AFECTADO(AUTO_AFECTADO_ID, NOMBRE, AP_PATERNO, AP_MATERNO, DAMAGE_DESCRIPTION, CURP) VALUES(7, "MARÍA", "CORRAL", "BALDERRAMA", "MI NINIO SALIO CORRIENDO DETRAS DE UNA PELOTA", "COBC891127MCHRLR08");
INSERT INTO AFECTADO(AUTO_AFECTADO_ID, NOMBRE, AP_PATERNO, AP_MATERNO, DAMAGE_DESCRIPTION, CURP) VALUES(8, "ANA", "CORREA", "CONTRERAS", "NO ME FIJE AL CRUZAR LA CALLE", "COCA761007MDGRNN02");
INSERT INTO AFECTADO(AUTO_AFECTADO_ID, NOMBRE, AP_PATERNO, AP_MATERNO, DAMAGE_DESCRIPTION, CURP) VALUES(9, "SERGIO", "DELGADO", "MUÑOZ", "EL CONDUCTOR IBA EN ESTADO DE EBRIEDAD", "DEMS901008HCHLXR04");
INSERT INTO AFECTADO(AUTO_AFECTADO_ID, NOMBRE, AP_PATERNO, AP_MATERNO, DAMAGE_DESCRIPTION, CURP) VALUES(10, "JOSE", "GONZALEZ", "LINARES", "UN HOMBRE ARMADO LO ENCARO Y TERMINA MAL", "GOLP850729MCHNNR03");
INSERT INTO AFECTADO(AUTO_AFECTADO_ID, NOMBRE, AP_PATERNO, AP_MATERNO, DAMAGE_DESCRIPTION, CURP) VALUES(11, "HECTOR", "GRADO", "ARMENDARIZ", "IBAN ECHANDO CARRERITAS Y PERDIO EL CONTROL", "GAAH860926HCHRRC04");
INSERT INTO AFECTADO(AUTO_AFECTADO_ID, NOMBRE, AP_PATERNO, AP_MATERNO, DAMAGE_DESCRIPTION, CURP) VALUES(12, "JONATHAN", "LOPEZ", "CANO", "LAMENTABLEMENTE NO RESPETO EL AUTO Y ARROLLO A UNA ANCIANA", "LOCJ860921HCHPNN09");
INSERT INTO AFECTADO(AUTO_AFECTADO_ID, NOMBRE, AP_PATERNO, AP_MATERNO, DAMAGE_DESCRIPTION, CURP) VALUES(13, "JESUS", "MARTHA", "PINEDA", "EL CONDUCTOR PERDIO EL CONTROL DEL AUTO", "MAPJ770702HCHRNS08");
INSERT INTO AFECTADO(AUTO_AFECTADO_ID, NOMBRE, AP_PATERNO, AP_MATERNO, DAMAGE_DESCRIPTION, CURP) VALUES(14, "ADRIAN", "SANTIESTEBAN", "ONTIVEROS", "ARROLLO A UN NINIO POR NO FIJARSE AL CRUZAR", "SAOA791121HCHNND03");
INSERT INTO AFECTADO(AUTO_AFECTADO_ID, NOMBRE, AP_PATERNO, AP_MATERNO, DAMAGE_DESCRIPTION, CURP) VALUES(15, "FRANCISCO", "VIZCARRA", "ROBLES", "EL CONDUCTOR IBA MENSAJEANDO Y LASTIMO A UNA MUJER", "VIRF890629HSLZBR06");

/*Llenando Siniestro Social*/

INSERT INTO SINIESTRO_SOCIAL(SINIESTRO_SOCIAL_ID, NOMBRE_HOSPITAL, DIRECCION_ID, AFECTADO_ID) VALUES(1, "Hospital General La Villa", 16, 1);
INSERT INTO SINIESTRO_SOCIAL(SINIESTRO_SOCIAL_ID, NOMBRE_HOSPITAL, DIRECCION_ID, AFECTADO_ID) VALUES(2, "", , 2);
INSERT INTO SINIESTRO_SOCIAL(SINIESTRO_SOCIAL_ID, NOMBRE_HOSPITAL, DIRECCION_ID, AFECTADO_ID) VALUES(3, "", , 3);
INSERT INTO SINIESTRO_SOCIAL(SINIESTRO_SOCIAL_ID, NOMBRE_HOSPITAL, DIRECCION_ID, AFECTADO_ID) VALUES(4, "", , 4);
INSERT INTO SINIESTRO_SOCIAL(SINIESTRO_SOCIAL_ID, NOMBRE_HOSPITAL, DIRECCION_ID, AFECTADO_ID) VALUES(5, "", , 5);
INSERT INTO SINIESTRO_SOCIAL(SINIESTRO_SOCIAL_ID, NOMBRE_HOSPITAL, DIRECCION_ID, AFECTADO_ID) VALUES(6, "Hospital Angeles Lindavista Urgencias", 17, 6);
INSERT INTO SINIESTRO_SOCIAL(SINIESTRO_SOCIAL_ID, NOMBRE_HOSPITAL, DIRECCION_ID, AFECTADO_ID) VALUES(7, "", , 7);
INSERT INTO SINIESTRO_SOCIAL(SINIESTRO_SOCIAL_ID, NOMBRE_HOSPITAL, DIRECCION_ID, AFECTADO_ID) VALUES(8, "", , 8);
INSERT INTO SINIESTRO_SOCIAL(SINIESTRO_SOCIAL_ID, NOMBRE_HOSPITAL, DIRECCION_ID, AFECTADO_ID) VALUES(9, "", , 9);
INSERT INTO SINIESTRO_SOCIAL(SINIESTRO_SOCIAL_ID, NOMBRE_HOSPITAL, DIRECCION_ID, AFECTADO_ID) VALUES(10, "", , 10);
INSERT INTO SINIESTRO_SOCIAL(SINIESTRO_SOCIAL_ID, NOMBRE_HOSPITAL, DIRECCION_ID, AFECTADO_ID) VALUES(11, "", , 11);
INSERT INTO SINIESTRO_SOCIAL(SINIESTRO_SOCIAL_ID, NOMBRE_HOSPITAL, DIRECCION_ID, AFECTADO_ID) VALUES(12, "", , 12);
INSERT INTO SINIESTRO_SOCIAL(SINIESTRO_SOCIAL_ID, NOMBRE_HOSPITAL, DIRECCION_ID, AFECTADO_ID) VALUES(13, "", , 13);
INSERT INTO SINIESTRO_SOCIAL(SINIESTRO_SOCIAL_ID, NOMBRE_HOSPITAL, DIRECCION_ID, AFECTADO_ID) VALUES(14, "Hospital Juarez Del Centro : Urgencias", 18, 14);
INSERT INTO SINIESTRO_SOCIAL(SINIESTRO_SOCIAL_ID, NOMBRE_HOSPITAL, DIRECCION_ID, AFECTADO_ID) VALUES(15, "", , 15);

/*Llenado de Siniestro Material*/

INSERT INTO SINIESTRO_MATERIAL(SINIESTRO_MATERIAL_ID, DESCRIPCION, IMAGEN) VALUES(1, "EL VEHICULO SE ESTAMPO EN UN POSTE", "goo.gl/ALCasd");
INSERT INTO SINIESTRO_MATERIAL(SINIESTRO_MATERIAL_ID, DESCRIPCION, IMAGEN) VALUES(2, "EL CONDUCTOR NO PUDO FRENAR A TIEMPO Y SE LLEVO LA VARDA", "goo.gl/lA01s9");
INSERT INTO SINIESTRO_MATERIAL(SINIESTRO_MATERIAL_ID, DESCRIPCION, IMAGEN) VALUES(3, "EL AUTOMOVIL DIO MAL UNA VUELTA Y GOLPEO UN ARBOL", "goo.gl/lK9asd");
INSERT INTO SINIESTRO_MATERIAL(SINIESTRO_MATERIAL_ID, DESCRIPCION, IMAGEN) VALUES(4, "EL COCHE ATRAVESO MI CASA", "goo.gl/KoS21d");
INSERT INTO SINIESTRO_MATERIAL(SINIESTRO_MATERIAL_ID, DESCRIPCION, IMAGEN) VALUES(5, "EL CONDUCTOR PERDIO EL CONTROL Y ARRASO MI JARDIN", "goo.gl/dfj132");
INSERT INTO SINIESTRO_MATERIAL(SINIESTRO_MATERIAL_ID, DESCRIPCION, IMAGEN) VALUES(6, "EL AUTO CONTINUO HASTA CHOCAR CONTRA MI GARAGE", "goo.gl/98iPOP";)
INSERT INTO SINIESTRO_MATERIAL(SINIESTRO_MATERIAL_ID, DESCRIPCION, IMAGEN) VALUES(7, "EL CONDUCTOR SE LLEVO MI VAYA", "goo.gl/kgj1lS");
INSERT INTO SINIESTRO_MATERIAL(SINIESTRO_MATERIAL_ID, DESCRIPCION, IMAGEN) VALUES(8, "EL AUTO SE QUEDO SIN FRENOS Y DESTROZO MI ENTRADA", "goo.gl/j9l2AS");
INSERT INTO SINIESTRO_MATERIAL(SINIESTRO_MATERIAL_ID, DESCRIPCION, IMAGEN) VALUES(9, "EL CONDUCTOR PERDIO EL CONTROL Y ARRASO MI JARDIN", "goo.gl/t598Aws");
INSERT INTO SINIESTRO_MATERIAL(SINIESTRO_MATERIAL_ID, DESCRIPCION, IMAGEN) VALUES(10, "EL VEHICULO SE ESTAMPO EN UN POSTE", "goo.gl/pOs52W");
INSERT INTO SINIESTRO_MATERIAL(SINIESTRO_MATERIAL_ID, DESCRIPCION, IMAGEN) VALUES(11, "EL CONDUCTOR PERDIO EL CONTROL Y ARRASO MI JARDIN", "goo.gl/dEW22a");
INSERT INTO SINIESTRO_MATERIAL(SINIESTRO_MATERIAL_ID, DESCRIPCION, IMAGEN) VALUES(12, "EL CONDUCTOR NO PUDO FRENAR A TIEMPO Y SE LLEVO LA VARDA", "goo.gl/1deQW2");
INSERT INTO SINIESTRO_MATERIAL(SINIESTRO_MATERIAL_ID, DESCRIPCION, IMAGEN) VALUES(13, "EL VEHICULO SE INFLAMO Y QUEMO LOS ARBOLES", "goo.gl/1sd4aW");
INSERT INTO SINIESTRO_MATERIAL(SINIESTRO_MATERIAL_ID, DESCRIPCION, IMAGEN) VALUES(14, "EL AUTOMOVIL CAYO SOBRE MI TERRENO", "goo.gl/asd91ew");
INSERT INTO SINIESTRO_MATERIAL(SINIESTRO_MATERIAL_ID, DESCRIPCION, IMAGEN) VALUES(15, "EL COCHE ATRAVESO MI CASA", "goo.gl/j14as4");

/*Llenado de Siniestro*/

INSERT INTO SINIESTRO(SINIESTRO_ID, HORA_FECHA, DIRECCION_ID, SINIESTRO_DE_COLISION_ID, SINIESTRO_SOCIAL_ID, SINIESTRO_MATERIAL_ID) VALUES(1, TO_DATE('23:00:00', 'HH24:MI:SS'), 19, 1, 1, 1);
INSERT INTO SINIESTRO(SINIESTRO_ID, HORA_FECHA, DIRECCION_ID, SINIESTRO_DE_COLISION_ID, SINIESTRO_SOCIAL_ID, SINIESTRO_MATERIAL_ID) VALUES(2, TO_DATE('17:00:00', 'HH24:MI:SS'), 20, 2, , );
INSERT INTO SINIESTRO(SINIESTRO_ID, HORA_FECHA, DIRECCION_ID, SINIESTRO_DE_COLISION_ID, SINIESTRO_SOCIAL_ID, SINIESTRO_MATERIAL_ID) VALUES(3, TO_DATE('03:00:00', 'HH24:MI:SS'), 21, , , 3);
INSERT INTO SINIESTRO(SINIESTRO_ID, HORA_FECHA, DIRECCION_ID, SINIESTRO_DE_COLISION_ID, SINIESTRO_SOCIAL_ID, SINIESTRO_MATERIAL_ID) VALUES(4, TO_DATE('13:00:00', 'HH24:MI:SS'), 22, , 4, );
INSERT INTO SINIESTRO(SINIESTRO_ID, HORA_FECHA, DIRECCION_ID, SINIESTRO_DE_COLISION_ID, SINIESTRO_SOCIAL_ID, SINIESTRO_MATERIAL_ID) VALUES(5, TO_DATE('15:00:00', 'HH24:MI:SS'), 23, 5, , );
INSERT INTO SINIESTRO(SINIESTRO_ID, HORA_FECHA, DIRECCION_ID, SINIESTRO_DE_COLISION_ID, SINIESTRO_SOCIAL_ID, SINIESTRO_MATERIAL_ID) VALUES(6, TO_DATE('20:00:00', 'HH24:MI:SS'), 24, 6, , 6);
INSERT INTO SINIESTRO(SINIESTRO_ID, HORA_FECHA, DIRECCION_ID, SINIESTRO_DE_COLISION_ID, SINIESTRO_SOCIAL_ID, SINIESTRO_MATERIAL_ID) VALUES(7, TO_DATE('22:00:00', 'HH24:MI:SS'), 25, , 7, 7);
INSERT INTO SINIESTRO(SINIESTRO_ID, HORA_FECHA, DIRECCION_ID, SINIESTRO_DE_COLISION_ID, SINIESTRO_SOCIAL_ID, SINIESTRO_MATERIAL_ID) VALUES(8, TO_DATE('18:00:00', 'HH24:MI:SS'), 26, 8, 8, );
INSERT INTO SINIESTRO(SINIESTRO_ID, HORA_FECHA, DIRECCION_ID, SINIESTRO_DE_COLISION_ID, SINIESTRO_SOCIAL_ID, SINIESTRO_MATERIAL_ID) VALUES(9, TO_DATE('05:00:00', 'HH24:MI:SS'), 27, 9, 9, 9);
INSERT INTO SINIESTRO(SINIESTRO_ID, HORA_FECHA, DIRECCION_ID, SINIESTRO_DE_COLISION_ID, SINIESTRO_SOCIAL_ID, SINIESTRO_MATERIAL_ID) VALUES(10, TO_DATE('01:00:00', 'HH24:MI:SS'), 28, , , 10);
INSERT INTO SINIESTRO(SINIESTRO_ID, HORA_FECHA, DIRECCION_ID, SINIESTRO_DE_COLISION_ID, SINIESTRO_SOCIAL_ID, SINIESTRO_MATERIAL_ID) VALUES(11, TO_DATE('12:00:00', 'HH24:MI:SS'), 29, , 11, );
INSERT INTO SINIESTRO(SINIESTRO_ID, HORA_FECHA, DIRECCION_ID, SINIESTRO_DE_COLISION_ID, SINIESTRO_SOCIAL_ID, SINIESTRO_MATERIAL_ID) VALUES(12, TO_DATE('13:00:00', 'HH24:MI:SS'), 30, , 12, 12);
INSERT INTO SINIESTRO(SINIESTRO_ID, HORA_FECHA, DIRECCION_ID, SINIESTRO_DE_COLISION_ID, SINIESTRO_SOCIAL_ID, SINIESTRO_MATERIAL_ID) VALUES(13, TO_DATE('19:00:00', 'HH24:MI:SS'), 31, 13, 13, 13);
INSERT INTO SINIESTRO(SINIESTRO_ID, HORA_FECHA, DIRECCION_ID, SINIESTRO_DE_COLISION_ID, SINIESTRO_SOCIAL_ID, SINIESTRO_MATERIAL_ID) VALUES(14, TO_DATE('21:00:00', 'HH24:MI:SS'), 32, , , 14);
INSERT INTO SINIESTRO(SINIESTRO_ID, HORA_FECHA, DIRECCION_ID, SINIESTRO_DE_COLISION_ID, SINIESTRO_SOCIAL_ID, SINIESTRO_MATERIAL_ID) VALUES(15, TO_DATE('09:00:00', 'HH24:MI:SS'), 33, 15, , );

/*Llenado de Poliza*/

INSERT INTO POLIZA(POLIZA_ID, FOLIO, FECHA_INICIO, FECHA_FIN, AUTO_ID, CLIENTE_ID, COTIZACION_ID, TARJETA_DE_CREDITO_ID, SINIESTRO_ID) VALUES(1, 00001, TO_DATE('2017/10/30','YYYY/MM/DD'), TO_DATE('2018/10/30','YYYY/MM/DD'), 1,1,1,1,1);
INSERT INTO POLIZA(POLIZA_ID, FOLIO, FECHA_INICIO, FECHA_FIN, AUTO_ID, CLIENTE_ID, COTIZACION_ID, TARJETA_DE_CREDITO_ID, SINIESTRO_ID) VALUES(2, 00002, TO_DATE('2017/10/30','YYYY/MM/DD'), TO_DATE('2018/10/30','YYYY/MM/DD'), 2,2,2,2,2);
INSERT INTO POLIZA(POLIZA_ID, FOLIO, FECHA_INICIO, FECHA_FIN, AUTO_ID, CLIENTE_ID, COTIZACION_ID, TARJETA_DE_CREDITO_ID, SINIESTRO_ID) VALUES(3, 00003, TO_DATE('2018/01/30','YYYY/MM/DD'), TO_DATE('2019/01/30','YYYY/MM/DD'), 3,3,3,3,3);
INSERT INTO POLIZA(POLIZA_ID, FOLIO, FECHA_INICIO, FECHA_FIN, AUTO_ID, CLIENTE_ID, COTIZACION_ID, TARJETA_DE_CREDITO_ID, SINIESTRO_ID) VALUES(4, 00004, TO_DATE('2018/02/20','YYYY/MM/DD'), TO_DATE('2019/02/20','YYYY/MM/DD'), 4,4,4,4,4);
INSERT INTO POLIZA(POLIZA_ID, FOLIO, FECHA_INICIO, FECHA_FIN, AUTO_ID, CLIENTE_ID, COTIZACION_ID, TARJETA_DE_CREDITO_ID, SINIESTRO_ID) VALUES(5, 00005, TO_DATE('2018/02/22','YYYY/MM/DD'), TO_DATE('2019/02/22','YYYY/MM/DD'), 5,5,5,5,5);
INSERT INTO POLIZA(POLIZA_ID, FOLIO, FECHA_INICIO, FECHA_FIN, AUTO_ID, CLIENTE_ID, COTIZACION_ID, TARJETA_DE_CREDITO_ID, SINIESTRO_ID) VALUES(6, 00006, TO_DATE('2017/12/30','YYYY/MM/DD'), TO_DATE('2018/12/30','YYYY/MM/DD'), 6,6,6,6,6);
INSERT INTO POLIZA(POLIZA_ID, FOLIO, FECHA_INICIO, FECHA_FIN, AUTO_ID, CLIENTE_ID, COTIZACION_ID, TARJETA_DE_CREDITO_ID, SINIESTRO_ID) VALUES(7, 00007, TO_DATE('2017/12/24','YYYY/MM/DD'), TO_DATE('2018/12/24','YYYY/MM/DD'), 7,7,7,7,7);
INSERT INTO POLIZA(POLIZA_ID, FOLIO, FECHA_INICIO, FECHA_FIN, AUTO_ID, CLIENTE_ID, COTIZACION_ID, TARJETA_DE_CREDITO_ID, SINIESTRO_ID) VALUES(8, 00008, TO_DATE('2017/12/03','YYYY/MM/DD'), TO_DATE('2018/12/03','YYYY/MM/DD'), 8,8,8,8,8);
INSERT INTO POLIZA(POLIZA_ID, FOLIO, FECHA_INICIO, FECHA_FIN, AUTO_ID, CLIENTE_ID, COTIZACION_ID, TARJETA_DE_CREDITO_ID, SINIESTRO_ID) VALUES(9, 00009, TO_DATE('2018/02/14','YYYY/MM/DD'), TO_DATE('2019/02/14','YYYY/MM/DD'), 9,9,9,9,9);
INSERT INTO POLIZA(POLIZA_ID, FOLIO, FECHA_INICIO, FECHA_FIN, AUTO_ID, CLIENTE_ID, COTIZACION_ID, TARJETA_DE_CREDITO_ID, SINIESTRO_ID) VALUES(10, 00010, TO_DATE('2017/11/17','YYYY/MM/DD'), TO_DATE('2017/11/18','YYYY/MM/DD'), 10,10,10,10,10);
INSERT INTO POLIZA(POLIZA_ID, FOLIO, FECHA_INICIO, FECHA_FIN, AUTO_ID, CLIENTE_ID, COTIZACION_ID, TARJETA_DE_CREDITO_ID, SINIESTRO_ID) VALUES(11, 00011, TO_DATE('2017/11/30','YYYY/MM/DD'), TO_DATE('2018/11/30','YYYY/MM/DD'), 11,11,11,11,11);
INSERT INTO POLIZA(POLIZA_ID, FOLIO, FECHA_INICIO, FECHA_FIN, AUTO_ID, CLIENTE_ID, COTIZACION_ID, TARJETA_DE_CREDITO_ID, SINIESTRO_ID) VALUES(12, 00012, TO_DATE('2017/10/21','YYYY/MM/DD'), TO_DATE('2018/10/21','YYYY/MM/DD'), 12,12,12,12,12);
INSERT INTO POLIZA(POLIZA_ID, FOLIO, FECHA_INICIO, FECHA_FIN, AUTO_ID, CLIENTE_ID, COTIZACION_ID, TARJETA_DE_CREDITO_ID, SINIESTRO_ID) VALUES(13, 00013, TO_DATE('2017/09/23','YYYY/MM/DD'), TO_DATE('2018/09/23','YYYY/MM/DD'), 13,13,13,13,13);
INSERT INTO POLIZA(POLIZA_ID, FOLIO, FECHA_INICIO, FECHA_FIN, AUTO_ID, CLIENTE_ID, COTIZACION_ID, TARJETA_DE_CREDITO_ID, SINIESTRO_ID) VALUES(14, 00014, TO_DATE('2017/11/24','YYYY/MM/DD'), TO_DATE('2018/11/24','YYYY/MM/DD'), 14,14,14,14,14);
INSERT INTO POLIZA(POLIZA_ID, FOLIO, FECHA_INICIO, FECHA_FIN, AUTO_ID, CLIENTE_ID, COTIZACION_ID, TARJETA_DE_CREDITO_ID, SINIESTRO_ID) VALUES(15, 00015, TO_DATE('2018/01/30','YYYY/MM/DD'), TO_DATE('2019/01/30','YYYY/MM/DD'), 15,15,15,15,15);

commit;
